District,State,No. Of Applications Received,No. Of Applications not Verified,No. Of Applications Verified,No. of Applications Approved,No. of Applications Approved having Aadhar No.,No. of Applications Rejected,No. of Applications Pullback,No. of Applications Closed,No. of Constructed Toilet Photo,No. of Commenced Toilet Photo,No. of Constructed Toilet Photo through Swachhalaya
South Andaman,Andaman & Nicobar Islands,11,8,0,0,0,0,0         ,3,0,0,41
Daman ,Daman & Diu,415,1,294,294,287,10,2         ,108,296,0,0
Diu ,Daman & Diu,682,4,375,375,272,292,0         ,11,375,1,1
Araria,Bihar,6170,1112,4950,2538,273,104,1         ,3,1611,1953,11
Arwal ,Bihar,4478,173,3508,742,218,26,2         ,769,994,649,3
Aurangabad,Bihar,4430,978,3078,2115,838,213,12        ,149,1509,613,21
Banka ,Bihar,2765,860,1818,1638,860,78,4         ,5,818,296,5
Begusarai ,Bihar,47619,8648,36283,34348,19186,899,23        ,1766,6335,9337,10
Bhagalpur ,Bihar,15966,2436,13316,11964,8508,169,9         ,36,6007,3577,35
Bhojpur,Bihar,13500,2298,10781,9338,4397,149,11        ,261,3401,3168,11
Buxar ,Bihar,4257,100,4095,3218,869,59,3         ,0,2158,868,12
Darbhanga,Bihar,11101,3914,6750,5930,1744,413,7         ,17,2844,3202,23
Gaya,Bihar,19869,6836,12042,9632,8132,913,16        ,62,3291,4768,13
Gopalganj,Bihar,6403,596,5713,4239,972,47,2         ,45,1199,1956,4
Jamui ,Bihar,8029,1919,6032,5929,1089,25,0         ,53,2510,2738,5
Jehanabad ,Bihar,6401,1815,4544,3659,1533,22,3         ,17,658,1894,5
Kaimur(Bhabua),Bihar,2559,162,2001,1885,828,377,4         ,15,1105,508,21
Katihar ,Bihar,14699,1771,12716,8987,6727,169,5         ,38,285,5592,6
Khagaria ,Bihar,6014,2688,3130,2028,501,186,3         ,7,414,469,7
Kishanganj ,Bihar,12168,3644,8429,7381,4213,81,9         ,5,2452,2913,1
Lakhisarai ,Bihar,5254,162,5051,1796,1387,36,1         ,4,1096,723,1
Madhepura ,Bihar,9791,2380,7365,7275,5608,22,3         ,21,1636,6027,10
Madhubani ,Bihar,16077,2787,12953,8358,3409,163,30        ,144,1772,5070,48
Munger ,Bihar,10583,388,10155,8346,5830,34,3         ,3,2044,3556,6
Muzaffarpur ,Bihar,12970,395,11813,5759,4084,699,9         ,54,2290,2683,7
Nalanda,Bihar,14323,1099,12946,12772,9140,67,1         ,210,5383,4969,5
Nawada ,Bihar,2245,191,1996,1809,990,44,2         ,12,834,433,4
Paschim Champaran,Bihar,14481,2226,10231,9099,6788,1089,13        ,922,2369,3403,15
Patna ,Bihar,32584,10000,19165,13328,7404,3146,27        ,246,5013,6779,40
Purba Champaran,Bihar,34705,14879,17187,14486,7225,2349,31        ,259,2863,7732,11
Purnia ,Bihar,13773,2734,10443,7704,1955,585,5         ,6,3449,4563,14
Rohtas,Bihar,13849,4756,8851,6536,2061,151,7         ,84,4300,2218,11
Saharsa ,Bihar,19426,7739,11527,10468,9900,93,46        ,21,1739,6110,17
Samastipur,Bihar,2694,1000,1451,870,678,156,11        ,76,670,404,33
Saran,Bihar,21830,3088,16590,12394,4808,457,18        ,1677,2075,5493,17
Sheikhpura,Bihar,6119,2532,3577,2976,2152,4,2         ,4,1521,1504,0
Sheohar ,Bihar,2341,183,2142,1698,56,9,1         ,6,586,519,4
Sitamarhi ,Bihar,8348,1230,6762,5749,3813,314,11        ,31,2342,2001,19
Siwan ,Bihar,6339,1806,3369,2712,469,164,6         ,994,1143,1358,16
Supaul ,Bihar,9563,1230,8093,5985,1397,234,5         ,1,2691,2768,13
Vaishali,Bihar,14428,8470,5746,4019,1659,133,14        ,65,2696,2090,17
Dadara and Nagar Haveli,Dadra & Nagar Haveli,1527,0,1177,1177,1135,320,0         ,30,1178,0,0
Bilaspur ,Himachal Pradesh,159,7,134,126,119,7,1         ,10,103,11,0
Chamba,Himachal Pradesh,272,144,109,104,102,15,0         ,4,25,1,0
Hamirpur ,Himachal Pradesh,423,19,281,193,152,119,1         ,3,99,5,0
Kangra ,Himachal Pradesh,1870,312,737,604,556,536,3         ,282,212,22,0
Kullu ,Himachal Pradesh,138,32,98,98,95,3,0         ,5,15,10,4
Mandi ,Himachal Pradesh,294,86,164,158,148,6,0         ,38,67,0,2
Shimla ,Himachal Pradesh,448,36,235,193,179,172,1         ,4,177,1,1
Sirmaur,Himachal Pradesh,763,130,618,310,282,7,2         ,6,209,46,0
Solan ,Himachal Pradesh,222,8,125,125,109,27,0         ,62,65,12,0
Una ,Himachal Pradesh,861,276,502,438,352,82,0         ,1,309,0,1
Anjaw,Arunachal Pradesh,0,0,0,0,0,0,0         ,0,0,0,0
Changlang,Arunachal Pradesh,115,1,113,113,113,1,0         ,0,113,1,0
Dibang Valley,Arunachal Pradesh,0,0,0,0,0,0,0         ,0,0,0,0
East Kameng,Arunachal Pradesh,150,150,0,0,0,0,0         ,0,143,0,0
East Siang,Arunachal Pradesh,77,0,76,72,72,0,0         ,1,75,0,0
Karung Kumey,Arunachal Pradesh,0,0,0,0,0,0,0         ,0,0,0,0
Kra Dadi,Arunachal Pradesh,1,1,0,0,0,0,0         ,0,0,0,0
Lohit,Arunachal Pradesh,200,97,96,96,96,6,1         ,0,149,37,1
Lower Dibang Valley,Arunachal Pradesh,683,8,653,526,405,21,0         ,1,525,1,0
Lower Subansari,Arunachal Pradesh,99,91,8,0,0,0,0         ,0,54,0,0
Papum Pare,Arunachal Pradesh,85,74,10,10,10,1,0         ,0,48,1,0
Siang,Arunachal Pradesh,0,0,0,0,0,0,0         ,0,0,0,0
Tawang ,Arunachal Pradesh,103,11,92,92,91,0,0         ,0,92,0,0
Tirap,Arunachal Pradesh,258,102,154,54,54,2,0         ,0,258,0,0
Upper Siang,Arunachal Pradesh,46,0,45,0,0,1,0         ,0,46,0,0
Upper Subansari,Arunachal Pradesh,111,0,111,111,111,0,0         ,0,111,0,0
West Kameng,Arunachal Pradesh,2,2,0,0,0,0,0         ,0,0,0,0
West Siang,Arunachal Pradesh,210,0,210,0,0,0,0         ,0,206,0,0
All Delhi JJ Clusters,Delhi,44,26,0,0,0,0,2         ,16,2,1,1
Central,Delhi,12,4,2,0,0,5,1         ,0,1,0,1
East,Delhi,56,7,17,0,0,32,0         ,0,2,0,0
New Delhi,Delhi,19,0,0,0,0,18,0         ,1,0,0,5
North,Delhi,166,36,5,0,0,122,2         ,1,21,13,4
North West,Delhi,10039,95,303,1,1,9588,24        ,29,55,15,21
South,Delhi,1104,9,150,150,19,939,3         ,3,152,6,1
South West,Delhi,2314,37,229,228,227,2029,5         ,14,224,4,15
West,Delhi,30,2,1,1,1,25,1         ,1,4,1,3
Ambala ,Haryana,7347,73,5170,5169,4773,1793,3         ,308,5159,3,1
Bhiwani ,Haryana,3351,321,1715,1517,958,1310,4         ,1,1131,117,8
Faridabad ,Haryana,18877,2482,14297,14297,13428,2075,15        ,8,10090,40,13
Fatehabad ,Haryana,562,47,314,313,306,197,3         ,1,301,1,6
Gurgaon ,Haryana,6281,220,5772,5687,5321,275,2         ,12,5641,28,2
Hisar ,Haryana,8484,2326,2821,2736,1392,3248,3         ,86,1741,26,71
Jhajjar ,Haryana,1917,104,1046,949,829,592,3         ,172,599,2,1
Jind ,Haryana,2349,112,1048,1039,1002,1182,3         ,4,689,77,5
Kaithal ,Haryana,3877,355,2830,2800,1723,691,1         ,0,1742,22,1
Karnal ,Haryana,9978,957,7120,6939,6288,1809,2         ,90,7003,183,2
Kurushetra,Haryana,540,13,214,197,158,304,2         ,7,143,49,16
Mahendragarh ,Haryana,2805,783,1424,1359,1113,584,5         ,9,865,28,8
Mewat,Haryana,2063,550,1117,920,872,349,3         ,44,821,2,5
Palwal ,Haryana,4124,2307,1402,1398,1397,252,11        ,152,473,509,31
Panchkula ,Haryana,8338,136,7887,7096,6821,269,36        ,10,1809,6,4
Panipat ,Haryana,3710,541,3087,1988,594,49,3         ,30,1693,23,4
Rewari ,Haryana,1001,179,693,687,669,106,5         ,18,394,2,3
Rohtak ,Haryana,6983,47,3006,2973,2935,3493,0         ,437,2484,76,1
Sirsa ,Haryana,502,22,128,127,125,352,0         ,0,129,1,4
Sonipat,Haryana,5846,220,3029,3004,1979,2562,3         ,32,2451,95,7
Yamunanagar ,Haryana,4588,102,3027,3005,2689,849,1         ,609,1988,152,0
North Goa,Goa,1099,35,1046,978,964,10,3         ,5,332,329,1
South Goa,Goa,1308,61,1212,1201,1199,20,0         ,15,276,809,1
Ahmedabad,Gujarat,44898,17,41312,41312,43,1160,3         ,2406,41315,11,6
Amreli ,Gujarat,23700,9,20315,20314,0,162,0         ,3214,20316,0,2
Anand ,Gujarat,35385,17,24357,24347,0,1206,0         ,9805,24347,0,4
Aravalli,Gujarat,8828,13,4031,4030,0,963,0         ,3821,4033,1,2
Banas Kantha,Gujarat,27528,40,20618,20608,0,341,6         ,6523,20619,1,9
Bharuch ,Gujarat,18204,3,11851,11845,0,1874,0         ,4476,11846,1,0
Bhavnagar ,Gujarat,34739,22,30468,30462,0,271,4         ,3974,30467,1,2
Botad,Gujarat,12671,4,10468,10463,0,682,0         ,1517,10464,0,0
Dahod,Gujarat,15112,11,10066,10066,0,0,2         ,5033,10066,1,2
Devbhoomi Dwarka,Gujarat,19049,136,14008,14006,0,200,1         ,4704,14040,1,2
Gandhinagar ,Gujarat,24769,6,18157,18157,0,1107,0         ,5499,15287,1,0
Gir Somnath,Gujarat,21959,14,16447,16447,0,35,2         ,5461,16449,0,3
Jamnagar ,Gujarat,30884,7,18751,18750,0,659,1         ,11466,18752,0,1
Junagadh ,Gujarat,27658,14,19808,19808,2,200,4         ,7632,19811,0,2
Kachchh,Gujarat,33407,20,26210,26194,0,3087,1         ,4089,26204,1,1
Kheda ,Gujarat,40586,12,31910,31909,0,807,0         ,7857,31912,0,2
Mahesana ,Gujarat,19291,7,13126,13126,0,493,1         ,5664,13129,0,2
Mahisagar,Gujarat,5760,104,3818,3818,0,0,0         ,1838,3822,0,1
Morbi,Gujarat,17201,8,11796,11795,0,1006,1         ,4390,11798,0,2
Narmada,Gujarat,4944,4,419,419,0,0,0         ,4521,419,0,0
Navsari ,Gujarat,14402,4,7637,7637,0,1231,0         ,5530,7637,0,0
Panch Mahals,Gujarat,16023,9,11531,11530,0,643,2         ,3838,11533,0,5
Patan ,Gujarat,18408,17,13313,13313,0,1062,0         ,4016,13315,1,0
Porbandar ,Gujarat,13592,3,7485,7475,0,1484,0         ,4620,7475,0,0
Rajkot ,Gujarat,47430,11,38826,38822,0,4855,1         ,3737,38779,1,0
Sabar Kantha,Gujarat,10474,13,7213,7213,0,0,0         ,3248,7216,1,6
Surat ,Gujarat,15280,23,12799,12792,0,1336,0         ,1122,12798,1,3
Surendranagar Dudhrej ,Gujarat,19656,17,16650,16648,0,621,0         ,2368,16651,1,2
Tapi,Gujarat,4684,2,3473,3473,0,780,0         ,429,3473,1,0
The Dangs,Gujarat,0,0,0,0,0,0,0         ,0,0,0,0
Vadodara ,Gujarat,28952,16,25425,25406,6,174,0         ,3337,25096,3,2
Valsad,Gujarat,20827,7,20652,20652,0,115,0         ,53,20653,0,2
Bankura ,West Bengal,92,80,0,0,0,0,2         ,10,4,2,1
Barddhaman ,West Bengal,7430,5866,53,53,0,1237,10        ,264,1247,9,3
Birbhum,West Bengal,10678,3112,0,0,0,0,26        ,7540,8,3,131
Dakshin Dinajpur,West Bengal,3336,2635,0,0,0,0,4         ,697,4,1,0
Darjeeling,West Bengal,51,48,0,0,0,0,2         ,1,2,0,1
Haora ,West Bengal,488,421,0,0,0,0,1         ,66,0,0,1
Hugli-Chinsurah,West Bengal,5517,4235,1253,1002,730,2,3         ,24,4613,7,0
Jalpaiguri ,West Bengal,165,151,0,0,0,0,5         ,9,2,1,5
Koch Bihar,West Bengal,3966,1897,1988,1577,1568,29,3         ,49,1839,0,2
Kolkata ,West Bengal,53,44,0,0,0,0,3         ,6,3,3,4
Malda,West Bengal,2812,642,0,0,0,0,4         ,2166,3,0,7
Murshidabad ,West Bengal,3902,2231,0,0,0,0,10        ,1661,7,6,7
Nadia,West Bengal,9396,8961,0,0,0,0,2         ,433,8747,2,1
North 24 Paraganas,West Bengal,50601,19011,16349,12795,3175,1877,15        ,13349,4919,9,3
Paschim Medinipur,West Bengal,456,293,0,0,0,0,5         ,158,7,5,6
Purba Medinipur,West Bengal,5064,3143,1414,1413,0,0,6         ,501,1622,1,3
Puruliya ,West Bengal,307,285,0,0,0,0,0         ,22,0,0,0
South 24 Paragnas,West Bengal,20866,11532,2,2,0,0,9         ,9323,105,63,4
Uttar Dinajpur,West Bengal,356,173,0,0,0,0,5         ,178,15,2,4
Almora ,Uttarakhand,427,80,293,293,78,11,3         ,40,87,1,2
Bageshwar ,Uttarakhand,1014,13,643,643,267,334,0         ,24,600,5,0
Chamoli Gopeshwar ,Uttarakhand,2087,416,1581,1312,66,47,3         ,40,930,30,0
Champawat ,Uttarakhand,313,80,232,194,87,0,0         ,1,110,2,0
Dehradun ,Uttarakhand,2900,282,2081,1708,345,530,2         ,5,902,24,0
Garhwal,Uttarakhand,755,315,425,420,275,15,0         ,0,296,5,0
Hardwar ,Uttarakhand,4579,623,3147,2456,1197,799,3         ,7,723,84,9
Nainital ,Uttarakhand,2949,1233,1608,1388,207,71,0         ,37,289,339,0
Pithoragarh ,Uttarakhand,1558,580,782,599,164,34,7         ,155,228,38,1
Rudraprayag ,Uttarakhand,165,1,158,130,93,5,0         ,1,72,2,0
Tehri ,Uttarakhand,397,15,323,319,114,51,0         ,8,193,3,78
Udhamsingh Nagar,Uttarakhand,4642,2579,1809,1246,919,240,7         ,7,465,189,12
Uttarkashi,Uttarakhand,1009,250,747,747,597,10,0         ,2,389,86,8
Dhalai,Tripura,106,105,0,0,0,0,0         ,1,0,0,0
Gomati,Tripura,86,86,0,0,0,0,0         ,0,0,0,0
Khowai,Tripura,12,10,0,0,0,0,0         ,2,2,0,0
North Tripura,Tripura,11,8,0,0,0,1,0         ,2,0,0,0
Sipahijala,Tripura,3,2,0,0,0,0,1         ,0,1,0,1
South Tripura,Tripura,25,23,0,0,0,0,0         ,2,0,0,0
Unakoti,Tripura,14,12,0,0,0,0,0         ,2,1,0,0
West Tripura,Tripura,23,19,0,0,0,0,1         ,3,0,0,0
Agra ,Uttar Pradesh,181027,15048,21573,20661,16231,118088,117       ,26201,10414,3450,113
Aligarh ,Uttar Pradesh,86102,7101,17438,15481,10463,46813,94        ,14656,4397,2071,48
Allahabad ,Uttar Pradesh,62880,2686,24593,22417,17700,31474,75        ,4052,8378,4581,177
Ambedkar Nagar,Uttar Pradesh,28118,6401,14209,13252,11898,6032,89        ,1387,2891,4197,351
Amethi,Uttar Pradesh,13135,4115,3560,2411,2108,4115,31        ,1314,416,401,162
Amroha,Uttar Pradesh,82367,1370,7031,6926,5722,58517,75        ,15374,4784,1805,412
Auraiya ,Uttar Pradesh,39384,944,7497,6334,5147,30738,51        ,154,1568,1762,105
Azamgarh ,Uttar Pradesh,27212,2137,10886,10035,8352,12908,69        ,1212,3863,4861,107
Baghpat ,Uttar Pradesh,9808,915,3236,2996,2091,5630,20        ,7,935,613,10
Bahraich,Uttar Pradesh,19817,3156,5263,4204,3155,11292,48        ,58,1113,1228,52
Ballia ,Uttar Pradesh,37517,3918,10467,7604,5604,16305,48        ,6779,411,572,42
Balrampur ,Uttar Pradesh,12880,373,3856,3769,3330,8585,38        ,28,1994,1216,25
Banda ,Uttar Pradesh,28081,2423,13555,13345,8377,11491,99        ,513,4510,1507,52
Bara Banki,Uttar Pradesh,26381,3033,11021,8843,7601,12147,47        ,133,2150,2034,515
Bareilly ,Uttar Pradesh,63526,5846,19034,18316,15876,35646,100       ,2900,7728,2702,72
Basti ,Uttar Pradesh,15210,1497,5372,4592,3184,7885,27        ,429,985,624,43
Bhadohi ,Uttar Pradesh,57134,11321,6777,6585,4635,37975,55        ,1006,1000,1781,135
Bijnor ,Uttar Pradesh,80272,231,8447,8437,6809,64383,39        ,7172,7887,169,110
Budaun ,Uttar Pradesh,60713,4658,26014,23979,16330,29383,175       ,483,10001,4940,211
Bulandshahr ,Uttar Pradesh,132683,3439,13499,11300,8120,107652,57        ,8036,4920,2330,93
Chandauli ,Uttar Pradesh,13319,1492,4905,4675,3949,6828,12        ,82,639,565,28
Chitrakoot Dham (Karwi) ,Uttar Pradesh,10435,1249,5457,4783,1801,3709,11        ,9,1077,3285,9
Deoria ,Uttar Pradesh,20383,1431,11233,10774,8986,7291,92        ,336,3126,2915,102
Etah ,Uttar Pradesh,78815,1196,6263,5698,4905,57668,55        ,13633,1371,1113,55
Etawah ,Uttar Pradesh,21143,2331,6859,5768,5198,11400,44        ,509,2179,1536,63
Faizabad ,Uttar Pradesh,15746,659,5861,5742,5122,8864,58        ,304,1214,959,68
Farrukhabad,Uttar Pradesh,39567,4574,12399,9520,5978,19076,47        ,3471,2527,1005,31
Fatehpur,Uttar Pradesh,20957,880,13285,12323,10628,6257,41        ,494,2057,1520,91
Firozabad ,Uttar Pradesh,122455,1520,13998,13841,8964,99247,91        ,7599,4130,2789,51
Gautam Buddha Nagar,Uttar Pradesh,10506,217,1704,1434,979,8569,6         ,10,757,370,7
Ghaziabad ,Uttar Pradesh,14065,588,10051,9902,8233,3228,28        ,170,7856,972,43
Ghazipur ,Uttar Pradesh,33018,2296,11381,10888,9021,9904,74        ,9363,2049,1295,220
Gonda ,Uttar Pradesh,11029,636,4053,2938,2099,6170,32        ,138,2049,977,80
Gorakhpur ,Uttar Pradesh,29351,6552,14607,13711,11704,7688,78        ,426,7997,2558,129
Hamirpur ,Uttar Pradesh,17888,1012,10784,10428,7220,5882,81        ,129,2785,2615,213
Hapur,Uttar Pradesh,12515,692,6509,6409,4543,5232,31        ,51,4427,191,49
Hardoi ,Uttar Pradesh,52869,4932,21587,20523,15359,23944,89        ,2317,6569,3048,1373
Hathras,Uttar Pradesh,61221,1736,12095,12035,9139,38395,56        ,8939,5237,2371,144
Jalaun ,Uttar Pradesh,40445,597,14973,13204,7180,23305,75        ,1495,4688,2745,81
Jaunpur ,Uttar Pradesh,31345,3243,7489,6859,5107,20245,48        ,320,2247,800,39
Jhansi ,Uttar Pradesh,32562,3738,22743,21592,9593,5814,114       ,153,7816,2202,451
Kannauj ,Uttar Pradesh,73802,1387,10168,8198,6722,58859,61        ,3327,4737,2413,229
Kanpur ,Uttar Pradesh,35756,220,12701,11990,4087,20840,48        ,1947,4869,1754,20
Kanpur Dehat,Uttar Pradesh,33315,2948,8487,7537,5894,20492,37        ,1351,1714,1404,222
Kasganj,Uttar Pradesh,41844,2854,10186,9078,7657,26534,79        ,2191,4889,1544,231
Kaushambi,Uttar Pradesh,12080,1749,8523,8306,4593,1466,20        ,322,1722,1778,63
Kheri ,Uttar Pradesh,30438,3095,14675,13682,12043,12159,107       ,402,5607,2742,160
Kushinagar ,Uttar Pradesh,37364,18238,9045,8401,6386,9212,81        ,788,2619,1768,526
Lalitpur ,Uttar Pradesh,15293,458,9380,9375,7062,5351,49        ,55,4008,1918,23
Lucknow,Uttar Pradesh,41612,3126,27161,26831,16368,11020,33        ,272,6000,6525,466
Maharajganj ,Uttar Pradesh,18211,3227,8082,6537,5567,6108,42        ,752,2404,1473,334
Mahoba ,Uttar Pradesh,18724,2203,9921,9224,7918,6232,40        ,328,770,1273,274
Mainpuri ,Uttar Pradesh,44782,1691,9975,9668,8441,31873,73        ,1170,4611,942,103
Mathura ,Uttar Pradesh,72983,6712,9467,8774,7403,45433,89        ,11282,4363,1705,210
Mau,Uttar Pradesh,18607,917,11093,10526,9076,6090,72        ,435,2009,2030,48
Meerut ,Uttar Pradesh,39819,7109,17311,16422,11861,15068,56        ,275,4623,2040,39
Mirzapur-cum-Vindhyachal ,Uttar Pradesh,51001,2952,11283,10695,5979,35961,85        ,720,1459,2532,45
Moradabad ,Uttar Pradesh,36413,1285,8133,8044,6924,24711,99        ,2185,2551,899,101
Muzaffarnagar ,Uttar Pradesh,16820,1029,7650,7645,6353,7766,45        ,330,6881,292,37
Pilibhit ,Uttar Pradesh,15293,2563,8597,7451,2641,4082,36        ,15,1668,1513,34
Pratapgarh,Uttar Pradesh,22756,1980,8834,7019,4898,11619,25        ,298,1367,851,18
Rae Bareli ,Uttar Pradesh,13803,1660,8548,8458,4956,2967,13        ,615,2357,1500,6
Rampur ,Uttar Pradesh,30049,7260,4116,2859,2499,18167,90        ,416,1140,600,62
Saharanpur ,Uttar Pradesh,13166,756,9216,8998,8447,2971,98        ,125,3163,1414,25
Sambhal,Uttar Pradesh,42786,1753,7965,7706,5770,32745,49        ,274,4082,1151,50
Sant Kabir Nagar,Uttar Pradesh,24204,1953,6430,5581,4683,15062,24        ,735,1276,1276,23
Shahjahanpur ,Uttar Pradesh,23965,2312,14663,12875,9976,5973,72        ,945,5533,3301,134
Shamli,Uttar Pradesh,13222,735,6962,6721,6104,5228,39        ,258,4800,801,107
Siddharthnagar,Uttar Pradesh,14102,1795,8668,8088,3048,2846,27        ,766,2896,244,71
Sitapur ,Uttar Pradesh,29559,5513,15649,12839,6775,7834,64        ,499,3524,5289,126
Sonbhadra ,Uttar Pradesh,29815,1572,6440,5614,4252,18268,27        ,3508,1595,1110,87
Srawasti,Uttar Pradesh,2854,714,1666,1666,324,457,12        ,5,362,563,13
Sultanpur ,Uttar Pradesh,4512,432,2373,2100,1540,1568,21        ,118,756,407,114
Unnao ,Uttar Pradesh,33210,3261,18716,17408,11563,10858,62        ,313,5920,3152,42
Varanasi ,Uttar Pradesh,22388,935,10982,10982,3266,10038,39        ,394,8991,787,36
Anantnag,Jammu & Kashmir,7818,1283,5016,3951,1667,1514,1         ,4,1003,507,1
Badgam,Jammu & Kashmir,2913,366,1967,1909,113,579,0         ,1,437,104,4
Bandipore ,Jammu & Kashmir,5059,789,4037,3116,281,230,1         ,2,854,156,0
Baramula,Jammu & Kashmir,7720,3052,3585,3054,304,1073,0         ,10,461,153,0
Doda,Jammu & Kashmir,959,31,502,500,134,242,0         ,184,432,32,0
Ganderbal,Jammu & Kashmir,295,4,289,209,15,2,0         ,0,71,0,0
Jammu ,Jammu & Kashmir,13975,136,11169,6012,2136,1496,0         ,1174,2666,532,0
Kargil,Jammu & Kashmir,753,417,304,70,4,32,0         ,0,120,0,0
Kathua ,Jammu & Kashmir,3875,47,2905,2274,173,713,1         ,209,638,285,0
Kishtwar ,Jammu & Kashmir,613,59,512,392,1,42,0         ,0,142,15,0
Kulgam ,Jammu & Kashmir,3679,401,2597,1966,1430,668,3         ,10,591,45,2
Kupwara,Jammu & Kashmir,1935,417,1412,1372,606,106,0         ,0,39,231,1
Leh,Jammu & Kashmir,0,0,0,0,0,0,0         ,0,0,0,0
Pulwama ,Jammu & Kashmir,2498,171,2042,1504,136,279,2         ,4,654,120,6
Punch,Jammu & Kashmir,1039,65,626,620,19,304,0         ,44,177,75,3
Rajouri,Jammu & Kashmir,2346,444,1634,1621,73,172,0         ,96,847,143,6
Ramban ,Jammu & Kashmir,682,0,375,375,218,233,1         ,73,254,16,15
Reasi ,Jammu & Kashmir,693,3,664,664,238,18,0         ,8,199,83,0
Samba ,Jammu & Kashmir,1294,25,1139,1139,651,27,0         ,103,673,62,13
Shupiyan ,Jammu & Kashmir,660,0,655,365,344,3,0         ,2,70,104,0
Srinagar ,Jammu & Kashmir,23826,14375,7539,6794,835,1906,6         ,0,295,40,2
Udhampur ,Jammu & Kashmir,1179,121,991,991,448,30,0         ,37,405,89,0
Balod,Chhattisgarh,10037,1903,7584,5299,3310,540,6         ,4,6934,108,2
Baloda Bazar,Chhattisgarh,8174,5094,2902,2523,1201,173,2         ,3,5871,177,0
Baloudabazar-Bhatapara,Chhattisgarh,7137,1485,5246,3584,2376,397,0         ,9,5787,29,10
Balrampur,Chhattisgarh,4045,508,3225,1307,255,295,3         ,14,3240,11,2
Bastar,Chhattisgarh,6597,23,5693,5436,3500,878,3         ,0,4272,6,0
Bemetara,Chhattisgarh,7571,1193,5880,3183,2054,219,277       ,2,5539,19,6
Bijapur ,Chhattisgarh,4507,2136,2087,1999,1245,279,5         ,0,3228,5,0
Bilaspur,Chhattisgarh,29450,8578,18408,14096,7499,2442,22        ,0,22142,55,4
Dantewada ,Chhattisgarh,6673,874,5026,5025,471,764,9         ,0,5877,10,0
Dhamtari ,Chhattisgarh,13095,2,11435,11435,4662,1655,3         ,0,11478,6,2
Durg ,Chhattisgarh,53236,1820,40225,39287,27943,10404,9         ,778,39862,50,2
Gariyaband,Chhattisgarh,5556,2,4469,4469,1927,1080,3         ,2,4701,27,1
Janjgir-Champa,Chhattisgarh,24052,10348,13330,8022,4503,343,26        ,5,17867,88,79
JashpurNagar ,Chhattisgarh,6461,877,5451,3799,3085,125,8         ,0,5490,31,31
Kabeerdham,Chhattisgarh,8372,1893,6241,6103,2630,231,3         ,4,6461,9,10
Kondagaon,Chhattisgarh,4521,1765,2687,1194,711,55,14        ,0,3811,7,0
Korba ,Chhattisgarh,37995,1809,29072,24439,11278,6084,0         ,1030,27429,28,1
Koria,Chhattisgarh,19748,1383,16675,15722,10701,1647,4         ,39,16733,68,1
Mahasamund ,Chhattisgarh,10556,2754,7473,6237,2961,329,0         ,0,7836,38,1
Mungeli,Chhattisgarh,5452,99,4245,4241,2983,1108,0         ,0,4196,27,0
Narayanpur,Chhattisgarh,2935,0,2932,2925,2887,2,0         ,1,2934,0,0
Raigarh ,Chhattisgarh,22549,3585,14641,10272,3477,4278,13        ,32,15715,94,85
Raipur ,Chhattisgarh,42163,4903,29124,26109,11386,8110,8         ,18,27580,28,7
Rajnandgaon ,Chhattisgarh,25634,686,20100,19043,7212,4847,0         ,1,20028,12,3
Sarguja,Chhattisgarh,9082,0,8387,8089,374,333,1         ,361,8392,0,1
Sukma,Chhattisgarh,3278,1407,1811,1810,1451,60,0         ,0,3107,0,0
Surajpur,Chhattisgarh,5899,715,4684,3848,1322,460,6         ,34,4503,39,2
Uttar Bastar kanker,Chhattisgarh,5274,1678,3345,1749,1190,237,10        ,4,4802,21,0
Chandigarh ,Chandigarh,6120,3,6117,6117,0,0,0         ,0,6117,0,2
Agar Malwa,Madhya Pradesh,4869,679,3585,2985,2017,572,2         ,31,3056,33,1
Alirajpur ,Madhya Pradesh,2584,437,1126,1049,572,1021,0         ,0,905,3,0
Anuppur ,Madhya Pradesh,9347,3055,5168,4030,2736,1117,2         ,5,4461,2,1
Ashoknagar ,Madhya Pradesh,15134,3791,7667,5924,2892,3664,5         ,7,6418,267,10
Balaghat ,Madhya Pradesh,14796,1985,8576,8347,6017,4225,1         ,9,5796,22,2
Barwani ,Madhya Pradesh,11231,1355,7307,7204,4133,2564,0         ,5,4782,47,2
Betul ,Madhya Pradesh,15851,1547,9660,9121,5371,4633,2         ,9,8940,45,2
Bhind ,Madhya Pradesh,17534,1343,12425,12164,5163,3619,7         ,140,8028,56,4
Bhopal ,Madhya Pradesh,58085,885,39348,38566,24577,6187,7         ,11658,39347,6,6
Bina Etawa,Madhya Pradesh,0,0,0,0,0,0,0         ,0,0,0,0
Burhanpur ,Madhya Pradesh,11254,290,8108,8080,5798,2853,2         ,1,6606,21,3
Chhatarpur ,Madhya Pradesh,21117,3208,14002,8818,4074,3318,12        ,577,8277,264,10
Chhindwara ,Madhya Pradesh,34144,3398,25829,25444,14002,4887,4         ,26,20655,170,1
Damoh ,Madhya Pradesh,20084,6952,9666,8253,1702,3452,2         ,12,7073,12,5
Datia ,Madhya Pradesh,10737,254,6948,6887,3351,3528,3         ,4,3308,2,1
Dewas ,Madhya Pradesh,20616,2970,9783,8859,6577,5995,1         ,1867,7132,18,50
Dhar ,Madhya Pradesh,21768,3237,14311,14150,6791,3916,2         ,302,13775,25,7
Dindori ,Madhya Pradesh,5651,1734,1724,749,682,2192,0         ,1,1675,4,1
Guna ,Madhya Pradesh,21761,3540,13752,13309,5644,4424,7         ,38,9888,39,4
Gwalior ,Madhya Pradesh,34188,1966,27532,27149,2691,4482,3         ,205,25659,3,4
Harda ,Madhya Pradesh,8185,2708,2574,2573,2337,2899,0         ,4,2480,0,8
Hoshangabad ,Madhya Pradesh,18076,3108,9735,9314,4712,5113,4         ,116,9175,35,2
Indore ,Madhya Pradesh,39751,628,16624,16577,6427,6289,3         ,16207,16386,0,1
Jabalpur ,Madhya Pradesh,57000,2309,49961,49224,25994,4725,3         ,2,46710,16,4
Jhabua,Madhya Pradesh,5514,1463,2311,2208,1044,1739,1         ,0,2220,1,3
Khandwa,Madhya Pradesh,15719,2655,9724,8888,7568,3304,3         ,33,8285,2,14
Khargaon,Madhya Pradesh,11411,2062,8601,8515,3773,267,2         ,479,8363,2,2
Mandla ,Madhya Pradesh,9944,367,5680,5456,2374,3881,1         ,15,4922,6,1
Mandsaur ,Madhya Pradesh,12215,465,8326,8245,5201,3393,1         ,30,7021,75,4
Morena ,Madhya Pradesh,49165,22265,11324,11085,7456,14784,3         ,789,8719,44,8
Murwara (Katni) ,Madhya Pradesh,7873,304,6891,6886,3673,678,0         ,0,2257,3,1
Narsimhapur ,Madhya Pradesh,13684,4548,8462,8298,3203,670,0         ,4,10392,32,0
Neemuch ,Madhya Pradesh,13579,833,10353,9760,3526,2068,2         ,323,10105,401,0
Panna ,Madhya Pradesh,7752,1182,6476,6212,2166,89,3         ,2,5750,28,1
Raisen ,Madhya Pradesh,12166,1787,10199,8100,4039,151,2         ,27,8955,37,3
Rajgarh ,Madhya Pradesh,15025,2136,12112,11307,4265,367,4         ,406,9797,21,4
Ratlam ,Madhya Pradesh,9893,1186,8247,7501,3182,301,2         ,157,6226,123,10
Rewa ,Madhya Pradesh,20417,3473,14163,12986,7716,1503,24        ,1254,13783,73,15
Sagar ,Madhya Pradesh,27209,2652,21019,17953,10727,2611,50        ,877,14263,965,6
Satna ,Madhya Pradesh,29601,5448,23772,18858,6220,363,10        ,8,18611,91,11
Sehore ,Madhya Pradesh,8528,569,7245,7105,2393,707,5         ,2,7481,5,5
Seoni ,Madhya Pradesh,4748,1174,3392,3109,2950,182,0         ,0,2296,5,3
Shahdol ,Madhya Pradesh,8782,1166,7184,5885,2602,428,3         ,1,5073,6,2
Shajapur ,Madhya Pradesh,5447,1053,3986,2993,1426,404,0         ,4,2998,14,1
Sheopur ,Madhya Pradesh,5778,322,4689,4689,937,766,1         ,0,2961,11,5
Shivpuri ,Madhya Pradesh,21962,3003,16353,14333,3935,2604,2         ,0,10119,22,14
Sidhi ,Madhya Pradesh,4706,297,4046,4003,2522,239,3         ,121,3694,31,6
Singrauli ,Madhya Pradesh,11311,183,10893,10893,867,230,1         ,4,9970,12,3
Tikamgarh ,Madhya Pradesh,10773,2409,6860,4621,1212,1380,7         ,117,4530,314,6
Ujjain ,Madhya Pradesh,18700,775,13735,13285,6958,3393,5         ,792,11856,26,10
Umaria ,Madhya Pradesh,5417,2008,3194,2642,2017,213,0         ,2,1321,186,2
Vidisha ,Madhya Pradesh,10605,2228,7722,7625,1204,523,1         ,131,6842,6,1
Ariyalur ,Tamil Nadu,5182,532,4589,4176,1881,56,3         ,2,3558,194,0
Chennai,Tamil Nadu,8915,85,6381,6359,5770,850,0         ,1599,5606,511,284
Coimbatore ,Tamil Nadu,18958,917,17527,17089,10478,346,3         ,165,15811,78,7
Cuddalore ,Tamil Nadu,19685,1426,17570,15592,11455,580,2         ,107,12109,252,3
Dharmapuri ,Tamil Nadu,9274,179,8712,8567,7256,375,2         ,6,6154,236,1
Dindigul,Tamil Nadu,21991,1778,18840,17683,13851,1303,2         ,68,13451,414,2
Erode ,Tamil Nadu,28811,986,25543,23095,20324,690,5         ,1587,15974,200,1
Kancheepuram ,Tamil Nadu,29104,531,26892,26413,16457,1401,8         ,272,15063,432,0
Kanniyakumari ,Tamil Nadu,4435,141,3748,3588,3005,536,6         ,4,2837,36,27
Karur ,Tamil Nadu,12122,600,11061,10532,9639,216,1         ,244,7517,148,0
Krishnagiri ,Tamil Nadu,5728,110,4897,4883,4547,111,0         ,610,4109,25,1
Madurai ,Tamil Nadu,16471,577,12529,10417,5745,3354,0         ,11,11599,338,0
Nagapattinam ,Tamil Nadu,12691,2257,9994,9556,7583,121,0         ,319,7997,179,3
Namakkal,Tamil Nadu,16713,572,15352,14927,9972,337,2         ,450,14183,99,0
Perambalur ,Tamil Nadu,2425,183,2076,1800,1295,19,0         ,147,1834,4,0
Pudukkottai ,Tamil Nadu,5994,777,5100,4922,3884,102,5         ,10,4907,32,0
Ramanathapuram ,Tamil Nadu,12901,1271,10619,7021,5752,1004,2         ,5,7267,222,2
Salem ,Tamil Nadu,39084,6415,30314,26290,19911,1450,7         ,898,24795,530,2
Sivaganga,Tamil Nadu,7242,391,6233,5855,4087,536,5         ,77,5071,198,0
Thanjavur ,Tamil Nadu,13044,2924,9885,8782,6453,220,5         ,10,7874,314,9
The Nilgiris,Tamil Nadu,13527,1725,9687,8122,6794,2039,0         ,76,7864,101,2
Theni Allinagaram ,Tamil Nadu,16021,792,14143,12878,10145,960,6         ,120,12178,382,0
Thiruvallur ,Tamil Nadu,14689,3136,10320,9858,5625,1168,2         ,63,7043,67,0
Thiruvarur ,Tamil Nadu,7520,714,6281,5911,4645,126,3         ,396,5634,50,0
Thoothukkudi ,Tamil Nadu,11464,1319,9714,8402,6333,402,3         ,26,7986,105,7
Tiruchirappalli ,Tamil Nadu,13819,1378,11664,10285,8577,664,14        ,99,9085,177,8
Tirunelveli ,Tamil Nadu,42898,3802,36914,32694,28206,1603,6         ,573,32664,599,0
Tiruppur ,Tamil Nadu,21042,1277,18693,16874,11468,967,2         ,103,14441,212,6
Tiruvannamalai,Tamil Nadu,12470,978,11295,10665,7964,174,6         ,17,7473,239,2
Vellore ,Tamil Nadu,29943,3741,24013,18831,13066,2150,3         ,36,15948,256,2
Viluppuram ,Tamil Nadu,8446,999,6651,6151,5134,785,4         ,7,4321,145,5
Virudhunagar ,Tamil Nadu,24715,872,22483,20499,18417,500,3         ,857,15225,467,0
East District,Sikkim,438,0,433,420,390,4,0         ,1,304,1,0
North District,Sikkim,76,0,76,76,76,0,0         ,0,73,0,2
South District,Sikkim,294,1,292,292,278,1,0         ,0,250,4,0
West District,Sikkim,203,0,201,201,200,1,0         ,1,149,0,0
Amritsar ,Punjab,11358,281,10949,10542,8998,114,0         ,14,7313,181,1
Barnala ,Punjab,2265,249,1166,1113,862,849,1         ,0,338,81,4
Bathinda,Punjab,12984,2419,10237,8505,7855,311,4         ,13,9750,391,666
Faridkot ,Punjab,3545,383,3158,666,664,4,0         ,0,43,102,1
Fazilka,Punjab,3981,3643,0,0,0,0,5         ,333,293,440,89
Firozpur ,Punjab,6072,1147,4881,3420,2079,23,1         ,20,2619,0,3
Gurdaspur ,Punjab,8363,113,8110,7284,5497,138,1         ,1,2316,516,114
Hoshiarpur,Punjab,3487,70,2848,2812,2779,560,4         ,5,610,271,0
Jalandhar,Punjab,3101,92,2837,2491,1945,169,0         ,3,1213,368,0
Kapurthala ,Punjab,1781,5,1686,1662,1626,67,0         ,23,369,543,3
Ludhiana ,Punjab,12460,709,11028,10399,1203,722,0         ,1,9042,108,0
Mansa,Punjab,5708,1861,3682,2125,1435,148,2         ,15,2521,149,0
Moga,Punjab,5418,1632,3671,3568,3168,108,6         ,1,2045,108,1088
Muktsar,Punjab,1655,394,1203,532,525,49,0         ,9,106,76,5
Pathankot,Punjab,0,0,0,0,0,0,0         ,0,0,0,0
Patiala ,Punjab,4434,127,2337,2325,1703,1923,1         ,46,929,581,0
Rupnagar ,Punjab,2069,279,1478,1144,1032,285,1         ,26,553,177,2
S.A.S. Nagar (Mohali) ,Punjab,2906,16,2377,2328,2164,393,0         ,120,1604,10,216
Sahid Bhgat Singh Nagar,Punjab,985,13,941,937,894,29,0         ,2,188,40,0
Sangrur ,Punjab,5716,295,4844,4768,4234,548,2         ,27,2495,378,5
Sirhind Fatehgarh Sahib ,Punjab,876,56,576,462,450,2,0         ,242,251,15,0
Tarn Taran ,Punjab,1577,96,1275,1223,1044,204,0         ,2,682,143,22
Dimapur,Nagaland,18632,18605,0,0,0,0,11        ,16,20,5,0
Kiphire ,Nagaland,361,60,300,0,0,1,0         ,0,112,0,0
Kohima ,Nagaland,409,408,0,0,0,0,1         ,0,1,1,0
Longleng ,Nagaland,660,660,0,0,0,0,0         ,0,0,0,0
Mokokchung ,Nagaland,1088,1088,0,0,0,0,0         ,0,132,0,0
Mon ,Nagaland,566,336,230,1,0,0,0         ,0,0,0,0
Peren ,Nagaland,366,366,0,0,0,0,0         ,0,0,0,0
Phek ,Nagaland,376,376,0,0,0,0,0         ,0,19,4,0
Tuensang ,Nagaland,1654,1654,0,0,0,0,0         ,0,0,0,0
Wokha ,Nagaland,280,280,0,0,0,0,0         ,0,2,0,0
Zunheboto ,Nagaland,1216,1215,0,0,0,0,1         ,0,1,0,0
Anantapur ,Andhra Pradesh,52502,4097,21058,21058,21039,0,1         ,27346,21065,2,3
Chittoor ,Andhra Pradesh,17084,246,6954,6954,6945,0,1         ,9883,6958,3,1
East Godavari,Andhra Pradesh,24666,574,13989,13989,13972,0,0         ,10103,13992,2,4
Guntur ,Andhra Pradesh,45749,1595,25198,25198,25181,0,3         ,18953,25204,3,2
Krishna,Andhra Pradesh,24484,364,14281,14281,14264,0,1         ,9838,14283,0,1
Kurnool ,Andhra Pradesh,43802,282,22262,22262,22246,0,4         ,21254,22269,0,5
Nellore ,Andhra Pradesh,34330,5225,19678,19672,19647,0,2         ,9425,19681,5,0
Prakasam,Andhra Pradesh,31008,414,14969,14969,14954,0,2         ,15623,14972,3,7
Srikakulam,Andhra Pradesh,17687,526,8493,8493,8490,0,1         ,8667,8496,0,0
Visakhapatnam,Andhra Pradesh,33185,171,15634,15634,15615,0,3         ,17377,15640,3,7
Vizianagaram ,Andhra Pradesh,23164,652,9966,9966,9960,0,2         ,12544,9967,1,0
West Godavari,Andhra Pradesh,14946,116,7282,7282,7279,0,1         ,7547,7285,0,0
Y.S.R.,Andhra Pradesh,24143,1464,11742,11742,11732,0,4         ,10933,12058,2,4
East Garo Hills,Meghalaya,22,22,0,0,0,0,0         ,0,1,0,2
East Khasi Hills,Meghalaya,1,1,0,0,0,0,0         ,0,0,1,0
Jaintia Hills,Meghalaya,1,1,0,0,0,0,0         ,0,0,1,0
Ribhoi,Meghalaya,1,1,0,0,0,0,0         ,0,0,0,0
South Garo Hills,Meghalaya,1,1,0,0,0,0,0         ,0,0,0,0
west Garo Hills,Meghalaya,241,20,166,6,0,55,0         ,0,0,0,0
West Khasi Hills,Meghalaya,22,22,0,0,0,0,0         ,0,0,0,0
Anugul ,Odisha,4425,350,3871,3850,3453,201,0         ,3,596,71,1
Balangir ,Odisha,7644,1343,5931,5366,4036,242,1         ,127,1578,14,2
Baleshwar ,Odisha,9859,1036,8077,8025,6067,685,4         ,57,1864,29,7
Bargarh ,Odisha,5416,189,4943,4858,3600,268,4         ,12,735,8,3
Baudhgarh ,Odisha,3149,1,1233,1012,589,1914,0         ,1,216,6,0
Bhadrak ,Odisha,6898,582,6174,6078,2625,138,0         ,4,1652,310,0
Cuttack ,Odisha,13955,685,12867,12784,8782,371,2         ,30,4554,192,0
Debagarh ,Odisha,3231,210,3014,2318,1361,7,0         ,0,229,41,0
Dhenkanal ,Odisha,9293,3332,5828,5003,3823,112,1         ,20,644,46,6
Gajapati,Odisha,2293,48,2233,1849,1419,11,0         ,1,477,4,0
Ganjam ,Odisha,17213,1638,15129,12568,5634,425,2         ,19,2333,493,4
Jagatsinghapur ,Odisha,7035,140,6844,6826,5057,47,0         ,4,1292,124,2
Jajapur ,Odisha,2424,916,1499,1481,272,6,1         ,2,100,2,0
Jharsuguda ,Odisha,10794,737,9844,8611,2926,183,2         ,28,1757,866,8
Kalahandi,Odisha,6580,139,6339,5855,1626,98,2         ,2,1184,20,0
Kandhamal,Odisha,3755,280,3361,3253,444,110,0         ,4,902,246,0
Kendrapara ,Odisha,4723,1290,3381,3151,2967,51,0         ,1,576,9,1
Kendujhar ,Odisha,11571,2069,9425,7994,5159,68,3         ,6,1471,90,2
Khordha ,Odisha,35041,2214,24022,23675,4397,8768,0         ,37,7688,2103,1
Koraput ,Odisha,7532,273,7017,6962,1724,190,1         ,51,748,171,0
Malkangiri ,Odisha,2205,62,2130,1932,713,10,0         ,3,495,4,1
Mayurbhanj,Odisha,7290,189,6887,6577,2983,145,0         ,69,1401,54,1
Nabarangapur ,Odisha,3448,5,3423,2455,2024,19,1         ,0,191,59,0
Naupada,Odisha,3070,290,2659,2640,1706,121,0         ,0,641,104,0
Nayagarh ,Odisha,3287,777,2339,1914,1298,155,7         ,9,559,33,1
Puri ,Odisha,10115,1200,8767,8281,6083,132,1         ,15,2123,420,2
Rayagada ,Odisha,4251,247,3780,3742,3389,214,1         ,9,792,183,0
Sambalpur,Odisha,13011,381,12451,11625,816,163,1         ,15,432,36,1
Subarnpur,Odisha,4690,1198,2743,2515,1861,749,0         ,0,339,2,0
Sundargarh ,Odisha,17272,114,16214,15739,4587,671,1         ,272,3548,1507,0
Baksa,Assam,0,0,0,0,0,0,0         ,0,0,0,0
Barpeta Road ,Assam,964,880,50,50,0,10,3         ,21,0,16,1
Bongaigaon,Assam,1200,296,878,285,0,15,0         ,11,12,40,1
Cachar,Assam,2683,2679,0,0,0,0,1         ,3,0,0,0
Chairang,Assam,157,141,0,0,0,0,1         ,15,0,0,1
Darrang,Assam,601,407,159,110,0,0,1         ,34,35,25,0
Dhemaji ,Assam,2091,1746,340,66,0,0,1         ,4,3,0,0
Dhubri ,Assam,10762,8971,963,4,0,1,5         ,822,33,30,2
Dibrugarh,Assam,3010,1821,1153,126,0,33,0         ,3,0,0,0
Dima Hassao,Assam,2457,1163,585,0,0,4,0         ,705,2,0,0
Goalpara ,Assam,1436,1095,295,0,0,2,1         ,43,210,0,0
Golaghat,Assam,65549,43044,318,171,1,6082,0         ,16105,62,2,0
Hailakandi,Assam,1705,1575,86,47,0,18,6         ,20,2,2,6
Jorhat ,Assam,5921,4968,457,82,0,0,4         ,492,55,8,2
Kamrup,Assam,378,322,0,0,0,0,1         ,55,0,0,2
Kamrup Metropolitian,Assam,11622,4841,6777,6777,1,0,3         ,1,281,83,27
Karbi Anlong,Assam,69436,35428,90,0,0,1739,11        ,32168,6,4,11
Karimganj ,Assam,830,764,10,0,0,0,2         ,54,2,1,0
Kokrajhar ,Assam,34,21,0,0,0,0,1         ,12,0,0,0
Majuli,Assam,0,0,0,0,0,0,0         ,0,0,0,0
Marigaon ,Assam,3692,954,0,0,0,0,3         ,2735,2,1,0
Nagaon ,Assam,55496,18427,1797,450,5,2028,21        ,33223,267,14,6
Nalbari ,Assam,847,722,0,0,0,0,0         ,125,1,2,0
North Lakhimpur ,Assam,2275,1464,788,305,0,1,3         ,19,2,0,4
Sibsagar ,Assam,1982,1849,101,11,0,26,0         ,6,1,0,0
Sonitpur,Assam,1782,1332,0,0,0,0,2         ,448,2,0,16
Tinsukia ,Assam,326,258,65,0,0,3,0         ,0,2,4,1
Udalguri ,Assam,1163,497,1,0,0,0,1         ,664,98,0,0
Lakshadweep,Lakshadweep,0,0,0,0,0,0,0         ,0,0,0,0
Bishnupur ,Manipur ,5034,1251,3365,2683,2432,282,2         ,134,1417,41,0
Chandel,Manipur ,0,0,0,0,0,0,0         ,0,0,0,0
Imphal East,Manipur ,7257,603,6509,5350,3471,135,0         ,10,1381,110,0
Imphal west,Manipur ,6430,2132,4130,2947,2855,164,4         ,0,669,108,2
Thoubal ,Manipur ,6374,1727,4412,3372,2273,227,6         ,2,972,497,6
Ahmadnagar ,Maharashtra,28715,424,26890,22285,11938,1027,9         ,365,17819,147,5
Akola ,Maharashtra,29630,3145,25518,9898,6521,957,6         ,4,21544,473,1
Amravati ,Maharashtra,38475,1746,33219,31371,23601,3420,7         ,83,26362,659,6
Aurangabad ,Maharashtra,28142,1500,22854,22798,14762,3753,12        ,23,18027,294,9
Beed,Maharashtra,36765,7926,24585,20776,16523,4221,25        ,8,19247,1992,10
Bhandara ,Maharashtra,6759,23,6075,5989,3302,641,1         ,19,5213,274,1
Buldana ,Maharashtra,40460,4668,32042,30735,20543,3344,10        ,396,22297,1228,13
Chandrapur ,Maharashtra,32551,918,29877,29420,18836,1717,1         ,38,22911,1754,2
Dhule ,Maharashtra,16355,2235,9301,8413,4791,4802,8         ,9,7784,150,12
Gadchiroli ,Maharashtra,17250,814,14448,13553,11497,1366,11        ,611,9096,1420,11
Gondiya ,Maharashtra,10113,200,8569,7412,6461,1337,6         ,1,5861,473,5
Hingoli ,Maharashtra,16272,2917,10728,9635,6410,2566,26        ,35,8517,147,11
Jalgaon ,Maharashtra,41755,4019,35821,32400,26247,1857,27        ,31,24088,358,15
Jalna ,Maharashtra,31399,8896,21264,17298,14446,1198,26        ,15,14042,1829,52
Kolhapur ,Maharashtra,9417,330,7399,6638,3789,1428,6         ,254,5592,31,4
Latur ,Maharashtra,35358,1045,28882,26934,20099,5405,7         ,19,22104,542,19
Mumbai,Maharashtra,3792,30,3340,2044,1870,402,11        ,9,507,6,17
Mumbai Suburban,Maharashtra,14638,46,12341,8979,8101,2177,10        ,64,1371,120,11
Nagpur ,Maharashtra,43941,512,27804,26769,21975,13899,14        ,1712,23696,715,28
Nanded Waghala ,Maharashtra,49062,6122,33079,29731,22209,9802,26        ,33,25212,1700,129
Nandurbar,Maharashtra,9466,2036,7102,5853,3517,323,3         ,2,7180,7,4
Nashik,Maharashtra,53016,1951,50390,32900,22615,645,4         ,26,24126,648,8
Osmanabad ,Maharashtra,22360,2018,18371,16797,11753,1937,2         ,32,12766,331,6
Palghar,Maharashtra,26620,480,25324,16531,15340,785,2         ,29,16286,30,0
Parbhani,Maharashtra,46579,9132,34282,31277,26861,3138,20        ,7,18738,3452,12
Pune ,Maharashtra,77877,4365,61123,60492,55992,8176,30        ,4183,58668,221,26
Raigadh,Maharashtra,13873,2357,8152,6654,3015,1463,1         ,1900,5513,170,5
Ratnagiri,Maharashtra,4483,176,2211,2128,2066,367,1         ,1728,1962,8,0
Sangli ,Maharashtra,14469,938,10650,10480,8981,2874,2         ,5,8442,377,8
Satara ,Maharashtra,7220,1511,5105,5000,4940,555,3         ,46,4266,22,6
Sindhudurga,Maharashtra,831,11,702,611,511,99,1         ,18,614,2,1
Solapur ,Maharashtra,52698,2767,40579,38798,24402,9249,15        ,88,27301,527,14
Thane ,Maharashtra,40891,4312,31713,28989,24092,3616,27        ,1223,24419,320,9
Wardha ,Maharashtra,13931,1015,11622,7618,5771,1278,5         ,11,9197,962,8
Washim ,Maharashtra,18897,74,16507,14318,10147,2270,6         ,40,11316,842,6
Yavatmal ,Maharashtra,34010,3941,27713,26264,19163,2315,14        ,27,20710,902,13
Ajmer ,Rajasthan,13179,84,10914,10652,10072,2165,3         ,13,9144,74,13
Alwar ,Rajasthan,13140,47,10552,10552,8619,1389,5         ,1147,8305,151,14
Banswara ,Rajasthan,3540,1,2844,2844,1532,687,5         ,3,1969,128,9
Baran ,Rajasthan,12419,274,10100,10073,7845,1753,4         ,288,5936,330,8
Barmer,Rajasthan,11559,467,10346,10320,5903,704,6         ,36,9732,23,26
Bharatpur ,Rajasthan,22447,1831,19613,17802,11041,845,5         ,153,12024,1063,23
Bhilwara,Rajasthan,13938,109,12885,11791,8644,931,7         ,6,6188,250,11
Bikaner ,Rajasthan,17121,287,5291,5291,5171,11004,3         ,536,4872,1,8
Bundi ,Rajasthan,13877,263,11913,11522,6620,1352,4         ,345,9644,348,9
Chittaurgarh ,Rajasthan,9242,173,8133,8063,3792,723,0         ,213,7642,100,3
Churu ,Rajasthan,17786,1014,13560,13489,7310,3022,15        ,175,12070,403,14
Dausa ,Rajasthan,8885,799,6297,5634,4414,1356,22        ,411,5323,122,22
Dhaulpur,Rajasthan,16019,4457,9911,9105,4148,1622,13        ,16,8861,172,18
Dungarpur ,Rajasthan,3655,35,3176,3176,3031,79,2         ,363,3242,5,2
Ganganagar ,Rajasthan,18504,8,13953,13953,8910,4534,3         ,6,12953,41,24
Hanumangarh ,Rajasthan,24880,96,19294,19293,17126,1958,2         ,3530,17512,84,10
Jaipur ,Rajasthan,36072,443,27587,27587,14243,5658,14        ,2370,27163,28,114
Jaisalmer,Rajasthan,2604,837,1673,1479,958,90,2         ,2,1285,106,2
Jalor,Rajasthan,10185,207,9627,9012,5812,341,8         ,2,6570,214,16
Jhalawar ,Rajasthan,7743,67,6893,6811,5582,766,3         ,14,5317,248,15
Jhunjhunun ,Rajasthan,12006,581,9925,9758,5189,1086,9         ,405,8803,63,20
Jodhpur ,Rajasthan,13818,989,9459,9365,3667,3342,11        ,17,6520,975,23
Karauli ,Rajasthan,16432,5503,10250,10089,4225,655,9         ,15,6958,269,15
Kota ,Rajasthan,32661,353,20365,20360,17628,10145,14        ,1784,10321,473,25
Nagaur,Rajasthan,20093,1854,16588,16368,11056,1619,11        ,21,15148,672,248
Pali,Rajasthan,22389,381,19974,19749,15281,2013,7         ,14,11711,330,20
Pratapgarh ,Rajasthan,1775,1,1622,1622,638,77,1         ,74,1358,0,5
Rajsamand ,Rajasthan,3903,132,3687,3520,3187,77,1         ,6,2308,61,3
Sawai Madhopur ,Rajasthan,9511,6,9078,9078,4886,137,6         ,284,7742,124,13
Sikar ,Rajasthan,12338,727,10122,9965,7885,697,9         ,783,8701,159,40
Sirohi,Rajasthan,4316,766,3332,3157,2122,217,1         ,0,1603,296,10
Tonk ,Rajasthan,18293,2644,14470,10731,8289,1125,2         ,52,9361,81,8
Udaipur ,Rajasthan,6798,715,5541,5249,4176,383,1         ,158,4909,81,4
Bokaro,Jharkhand,12007,3,9983,9983,9477,1060,1         ,960,9999,9,3
Chatra ,Jharkhand,3164,0,2845,2845,2823,0,0         ,319,2845,0,41
Deoghar  ,Jharkhand,15733,6,14020,14020,12992,889,5         ,813,14027,2,5
Dhanbad ,Jharkhand,70489,1027,45997,45997,44397,2892,23        ,20550,46000,8,93
Dumka ,Jharkhand,3896,12,3449,3449,3118,235,1         ,199,3451,0,1
Garhwa ,Jharkhand,8820,7,7774,7774,6836,465,6         ,568,7786,0,1
Giridih ,Jharkhand,2856,0,2224,2224,2201,47,1         ,584,2224,0,2
Godda ,Jharkhand,2403,6,2232,2232,2228,63,2         ,100,2229,6,7
Gumla ,Jharkhand,2862,0,2732,2732,2682,110,0         ,20,2738,0,0
Hazaribag ,Jharkhand,3710,11,2578,2578,2525,716,1         ,404,2595,6,4
Jamtara ,Jharkhand,4601,1,3694,3694,3644,155,0         ,751,3696,1,1
Khunti ,Jharkhand,2344,1,2218,2218,2172,1,1         ,123,2220,0,1
Kodarma ,Jharkhand,7822,7,7315,7315,4994,90,2         ,408,7317,1,0
Latehar ,Jharkhand,1765,3,1688,1688,738,53,0         ,21,1713,0,7
Lohardaga ,Jharkhand,2254,0,1983,1983,1962,51,1         ,219,1996,0,0
Pakaur ,Jharkhand,2626,0,2387,2387,2206,187,0         ,52,2387,0,1
Palamu,Jharkhand,11947,8,9926,9926,6198,1304,3         ,706,9964,0,10
Paschimi Sighbhum,Jharkhand,5489,1,5126,5126,4503,357,1         ,4,5127,11,1
Purbi Singhbhum,Jharkhand,21320,28,18984,18984,11761,2132,1         ,175,18982,25,3
Ramgarh,Jharkhand,14236,2,11981,11981,11937,588,3         ,1662,12005,0,0
Ranchi ,Jharkhand,39747,21,33334,33334,31672,2508,3         ,3881,33335,0,8
Sahibganj ,Jharkhand,9476,1,8116,8116,5808,953,0         ,406,8124,0,3
Seraikela ,Jharkhand,7595,10,7306,7306,1338,71,1         ,207,7317,1,1
Simdega ,Jharkhand,2139,1,2014,2014,1854,23,0         ,101,2006,3,0
Alappuzha,Kerala,3718,1599,1797,1764,1424,269,0         ,53,1265,162,2
Ernakulam,Kerala,6136,3210,2531,2402,2149,392,2         ,1,1773,172,0
Idukki,Kerala,560,21,441,441,415,2,0         ,96,299,0,0
Kannur,Kerala,1399,327,1005,852,623,54,0         ,13,323,1,1
Kasaragod ,Kerala,861,58,764,573,555,18,0         ,21,596,58,0
Kollam ,Kerala,6148,385,3382,3272,2496,2340,0         ,41,1984,407,23
Kottayam ,Kerala,3227,1721,1376,1327,1120,120,2         ,8,1137,66,182
Kozhikode ,Kerala,3108,427,2642,2518,2415,32,0         ,7,1659,65,26
Malappuram ,Kerala,3842,1059,2159,1955,1690,612,6         ,6,1703,60,5
Palakkad ,Kerala,2835,671,1247,947,828,885,1         ,31,551,18,30
Pathanamthitta ,Kerala,1628,564,1042,1007,889,21,0         ,1,562,7,0
Thiruvananthapuram ,Kerala,6757,61,6094,5918,5038,380,16        ,206,5375,17,72
Thrissur ,Kerala,3841,1071,2502,876,799,255,1         ,12,641,118,0
Waynad,Kerala,894,74,794,504,449,7,1         ,18,634,15,0
Aizawl ,Mizoram,295,1,288,288,20,6,0         ,0,271,1,0
Champhai ,Mizoram,208,0,208,33,33,0,0         ,0,0,0,0
Kolasib,Mizoram,139,138,1,1,1,0,0         ,0,0,0,0
Lawngtlai       ,Mizoram,288,0,288,288,288,0,0         ,0,288,0,0
Lunglei ,Mizoram,165,0,162,162,162,0,3         ,0,0,0,0
Mamit,Mizoram,132,0,132,131,131,0,0         ,0,131,0,0
Saiha ,Mizoram,24,2,22,22,22,0,0         ,0,0,0,0
Serchhip ,Mizoram,393,10,247,247,247,48,0         ,88,179,25,0
Adilabad,Telangana,18587,7939,10642,10642,9745,0,0         ,6,10646,0,0
Hyderabad,Telangana,8833,5656,3177,3177,3161,0,0         ,0,3178,0,0
Karimnagar ,Telangana,17431,6559,10872,10872,10519,0,0         ,0,10874,1,1
Khammam ,Telangana,16358,5532,10824,10824,10235,0,2         ,0,10829,0,1
Mahbubnagar ,Telangana,18045,7955,10089,10089,9841,0,1         ,0,10093,1,4
Medak ,Telangana,13134,5975,7158,7158,6997,0,0         ,1,7159,0,10
Medchal,Telangana,339,136,203,203,196,0,0         ,0,204,0,0
Nagarkurnool,Telangana,2680,925,1754,1754,1691,0,1         ,0,1755,1,0
Nalgonda ,Telangana,11361,5725,5632,5632,5070,0,4         ,0,5635,1,3
Nirmal,Telangana,6985,3795,3189,3189,3171,0,1         ,0,3192,1,0
Nizamabad,Telangana,12637,4358,8279,8279,8018,0,0         ,0,8280,0,1
Rangareddy,Telangana,8964,4532,4430,4430,4177,0,1         ,1,4438,1,1
Siddipet,Telangana,6273,1272,5000,5000,4793,0,1         ,0,5002,0,0
Sircilla,Telangana,7361,2627,4734,4734,4670,0,0         ,0,4734,0,0
Suryapet,Telangana,7139,1405,5734,5734,5556,0,0         ,0,5735,0,0
Warangal ,Telangana,64395,35161,29229,29229,28535,0,4         ,1,29243,6,4
Yadadri,Telangana,1223,342,881,881,879,0,0         ,0,881,0,0
Karaikal ,Puducherry ,3357,6,2162,2133,1741,1150,0         ,39,168,0,0
Mahe ,Puducherry ,69,0,68,68,67,1,0         ,0,64,0,0
Puducherry ,Puducherry ,5821,735,4510,4383,4299,564,10        ,2,1242,68,2
Yanam ,Puducherry ,1,0,0,0,0,0,0         ,1,0,0,0
Bagalkot ,Karnataka,16405,790,14281,13126,11621,1071,2         ,261,8004,2756,1
Bangalore Rural,Karnataka,3361,229,3041,2979,2559,89,2         ,0,1832,138,0
Bangalore Urban,Karnataka,4839,340,3328,3172,3005,1161,2         ,8,285,57,0
Belgaum ,Karnataka,19315,1816,16174,15108,12883,1078,11        ,236,6319,1132,0
Bellary ,Karnataka,42584,4977,35423,31258,26051,2173,2         ,9,12103,841,0
Bidar,Karnataka,15619,3796,10155,9367,8018,1655,11        ,2,3951,1617,0
Bijapur ,Karnataka,24063,6496,16871,14740,12135,683,12        ,1,4834,843,0
Chamarajanagar ,Karnataka,6711,68,5960,5882,5640,229,0         ,454,2819,314,0
Chikkaballapura ,Karnataka,8028,478,7190,6710,4970,357,1         ,2,4998,802,0
Chikmagalur ,Karnataka,2655,49,2393,2385,2110,211,2         ,0,1283,180,0
Chitradurga ,Karnataka,14578,251,13030,12927,8993,1278,8         ,11,5063,2389,0
Dakshin Kannada,Karnataka,1265,35,962,945,687,204,0         ,64,924,19,0
Davanagere ,Karnataka,14607,544,9039,8326,3899,4980,1         ,43,4600,867,0
Gadag-Betigeri,Karnataka,26857,1827,24564,23564,16119,453,5         ,8,5064,6320,0
Gulbarga ,Karnataka,21615,5441,13546,12220,9741,2610,14        ,4,4104,772,0
Hassan ,Karnataka,2459,39,2291,2272,2055,128,1         ,0,1595,64,0
Haveri ,Karnataka,14350,1219,12586,11889,10164,518,4         ,23,10668,832,0
Hubli-Dharwad ,Karnataka,30459,295,29594,29323,26764,543,2         ,25,16966,2709,0
Kodagu,Karnataka,624,8,570,569,479,46,0         ,0,435,15,0
Kolar ,Karnataka,15648,2980,10427,10364,8137,2236,2         ,3,8436,866,0
Koppal ,Karnataka,16386,2282,13307,11710,8147,792,3         ,2,2545,294,0
Mandya ,Karnataka,4254,143,3852,3834,2813,240,5         ,14,2199,316,0
Mysore ,Karnataka,8346,8,7637,7626,7419,576,1         ,124,4594,786,0
Raichur ,Karnataka,29866,800,24790,24338,9477,4272,2         ,2,5216,2513,0
Ramanagara ,Karnataka,5049,3,4480,4478,2963,532,0         ,34,3477,350,0
Shimoga ,Karnataka,9278,89,7042,6965,5303,2039,1         ,107,3955,805,0
Tumkur ,Karnataka,14829,122,11531,11524,9337,2243,0         ,933,5730,1283,0
Udupi ,Karnataka,538,30,438,404,321,24,0         ,46,353,65,0
Uttara Kannada,Karnataka,8901,182,8164,7827,6614,543,0         ,12,4369,1159,0
Yadgir ,Karnataka,13110,2823,10030,8936,7032,242,10        ,5,2271,484,0
